parent_strain	strain	parent_country	country	date	dist	desc_count	total_proportion	country_proportion
NODE_0001333	NODE_0001334	Switzerland	Netherlands	2020.196922394003	0.013577172593386422	8.0	0.0010301313417460727	0.012987012987012988
Turkey/HSGM-5770/2020_travel_history	Turkey/HSGM-5770/2020	Saudi Arabia	Turkey	2020.217213114754	0.0	1.0	0.0001287664177182591	0.03571428571428571
NODE_0000832	Singapore/21/2020	China	Singapore	2020.1215846994535	0.0	2.0	0.0002575328354365182	0.03571428571428571
NODE_0000570	NODE_0000540	China	Norway	2020.076980589404	0.06958610573587976	1015.0	0.13069791398403297	0.05263157894736842
England/01/2020_travel_history	England/01/2020	China	United Kingdom	2020.0806010928961	0.0	1.0	0.0001287664177182591	0.0056179775280898875
England/02/2020_travel_history	England/02/2020	China	United Kingdom	2020.0806010928961	0.0	1.0	0.0001287664177182591	0.0056179775280898875
India/1-31/2020_travel_history	India/1-31/2020	China	India	2020.0860655737704	0.0	1.0	0.0001287664177182591	0.011111111111111112
USA/AZ1/2020_travel_history	USA/AZ1/2020	China	USA	2020.061475409836	0.0	1.0	0.0001287664177182591	0.0019646365422396855
NODE_0000526	SouthKorea/KCDC24/2020	China	South Korea	2020.1024590163934	0.05026359266116742	2.0	0.0002575328354365182	0.06666666666666667
NODE_0000364	NODE_0000365	China	Australia	2020.0411655602727	0.020324857990772216	6.0	0.0007725985063095545	0.02127659574468085
USA/TX1/2020_travel_history	USA/TX1/2020	China	USA	2020.1161202185792	0.0	1.0	0.0001287664177182591	0.0019646365422396855
NODE_0000410	NODE_0000421	China	South Korea	2020.0501746261489	0.042053799013729076	40.0	0.0051506567087303634	0.13333333333333333
NODE_0000870	NODE_0000872	China	USA	2020.077229977904	0.007085673345500254	8.0	0.0010301313417460727	0.003929273084479371
NODE_0000273	NODE_0000274	Singapore	Spain	2020.1443451440944	0.03335839283704445	43.0	0.005536955961885141	0.012048192771084338
NODE_0000888	SouthKorea/KCDC06/2020	China	South Korea	2020.0833333333333	0.0033711149922055483	2.0	0.0002575328354365182	0.06666666666666667
Australia/QLD01/2020_travel_history	Australia/QLD01/2020	China	Australia	2020.077868852459	0.0	1.0	0.0001287664177182591	0.02127659574468085
NODE_0000908	USA/CA7/2020_travel_history	Australia	China	2020.1024590163934	0.019419720614678226	3.0	0.00038629925315477725	0.005208333333333333
USA/CA7/2020_travel_history	USA/CA7/2020	China	USA	2020.1024590163934	0.0	1.0	0.0001287664177182591	0.0019646365422396855
Singapore/4/2020_travel_history	Singapore/4/2020	China	Singapore	2020.094262295082	0.0	1.0	0.0001287664177182591	0.03571428571428571
NODE_0000929	NODE_0000933	India	Indonesia	2020.215376019602	0.019411073216815566	6.0	0.0007725985063095545	0.3333333333333333
NODE_0000933	Senegal/620/2020	Ghana	Senegal	2020.2199453551912	0.019615685854887488	2.0	0.0002575328354365182	0.07692307692307693
NODE_0000453	NewZealand/20VR0276/2020	India	New Zealand	2020.2062841530055	0.20089400816027592	97.0	0.01249034251867113	0.5
USA/CA1/2020_travel_history	USA/CA1/2020	China	USA	2020.0642076502731	0.0	1.0	0.0001287664177182591	0.0019646365422396855
Vietnam/VR03-38142/2020_travel_history	Vietnam/VR03-38142/2020	China	Vietnam	2020.0669398907103	0.0	1.0	0.0001287664177182591	0.14285714285714285
NODE_0000944	Vietnam/38142/2020	China	Vietnam	2020.0669398907103	0.00023415732675857726	3.0	0.00038629925315477725	0.2857142857142857
USA/IL2/2020_travel_history	USA/IL2/2020	China	USA	2020.077868852459	0.0	1.0	0.0001287664177182591	0.0019646365422396855
NODE_0000960	NODE_0000961	Norway	Georgia	2020.1590420687442	0.008774950359111244	14.0	0.0018027298480556271	0.16666666666666666
Taiwan/NTU13/2020_travel_history	Taiwan/NTU13/2020	USA	Taiwan	2020.2117486338798	0.0	1.0	0.0001287664177182591	0.05555555555555555
NODE_0000486	NODE_0000970	China	USA	2020.0776892064785	0.007192789923010423	16.0	0.0020602626834921455	0.0019646365422396855
NODE_0000980	NODE_0000508	China	Taiwan	2020.0848770321898	0.038013598529232695	6.0	0.0007725985063095545	0.05555555555555555
NODE_0000982	NewZealand/20VR0275/2020	USA	New Zealand	2020.2062841530055	0.0018449940735081327	2.0	0.0002575328354365182	0.25
NODE_0000297	Brazil/RJ-352/2020	Spain	Brazil	2020.1789617486338	0.029953654826840648	111.0	0.014293072366726757	0.027777777777777776
NODE_0000322	USA/AZ-TG271862/2020	Australia	USA	2020.2254098360656	0.030260144598287297	14.0	0.0018027298480556271	0.0019646365422396855
NODE_0000322	NODE_0001054	Germany	Sweden	2020.2117486338798	0.007773604238991538	14.0	0.0018027298480556271	0.017241379310344827
NODE_0000211	Mexico/CDMX-INCMNSZ_02/2020	Spain	Mexico	2020.1926229508197	0.017828974717758683	2.0	0.0002575328354365182	0.2
NODE_0000205	NODE_0001060	Germany	Belgium	2020.1526691245624	0.00011547109625098528	72.0	0.009271182075714654	0.009174311926605505
NODE_0001061	NODE_0001063	United Kingdom	Iceland	2020.217213114754	-0.0001523886523955298	20.0	0.0025753283543651817	0.14285714285714285
NODE_0001073	Senegal/136/2020	Brazil	Senegal	2020.200819672131	0.0	2.0	0.0002575328354365182	0.07692307692307693
NODE_0001060	NODE_0001074	Belgium	United Kingdom	2020.1610583490233	-6.579321325261844e-05	66.0	0.0084985835694051	0.033707865168539325
NODE_0001092	NODE_0001093	Australia	United Kingdom	2020.188233843209	0.012107301421110606	6.0	0.0007725985063095545	0.0056179775280898875
NODE_0001099	NODE_0001100	Australia	Japan	2020.113387978142	0.0004326806276822026	6.0	0.0007725985063095545	0.02857142857142857
NODE_0000439	Malaysia/MKAK-CL-2020-5096/2020	China	Malaysia	2020.0833333333333	0.06068245906089942	22.0	0.0028328611898017	0.16666666666666666
NODE_0000448	NODE_0000271	USA	Australia	2020.2442501290043	0.008078333173671126	6.0	0.0007725985063095545	0.02127659574468085
NODE_0000986	NODE_0000987	USA	Australia	2020.208941550452	0.008890088628277226	40.0	0.0051506567087303634	0.02127659574468085
NODE_0000990	NODE_0000993	USA	United Kingdom	2020.156911689329	0.00859786344017266	32.0	0.004120525366984291	0.0056179775280898875
NODE_0000994	NODE_0000996	Finland	Jordan	2020.1869671070262	0.007120241763914237	7.0	0.0009013649240278136	0.07692307692307693
Belgium/GHB-03021/2020_travel_history	Belgium/GHB-03021/2020	China	Belgium	2020.094262295082	0.0	1.0	0.0001287664177182591	0.0045871559633027525
Taiwan/NTU01/2020_travel_history	Taiwan/NTU01/2020	China	Taiwan	2020.0860655737704	0.0	1.0	0.0001287664177182591	0.05555555555555555
Australia/NSW01/2020_travel_history	Australia/NSW01/2020	China	Australia	2020.0669398907103	0.0	1.0	0.0001287664177182591	0.02127659574468085
NODE_0001028	NODE_0001029	Malaysia	Singapore	2020.0696721311474	0.03082463859686868	8.0	0.0010301313417460727	0.07142857142857142
USA/WA1/2020_travel_history	USA/WA1/2020	China	USA	2020.0532786885246	0.0	1.0	0.0001287664177182591	0.0019646365422396855
NODE_0000066	NODE_0001140	Iran	Thailand	2020.2287344726958	0.019703784463445118	4.0	0.0005150656708730364	0.034482758620689655
NODE_0000109	NODE_0000124	Spain	Poland	2020.214480874317	0.024926940384375484	54.0	0.00695338655678599	0.09090909090909091
NODE_0000137	Mexico/CDMX-InDRE_06/2020	Canada	Mexico	2020.198087431694	0.01794161580164655	2.0	0.0002575328354365182	0.2
NODE_0001169	Australia/WA09/2020	USA	Australia	2020.2035519125682	0.020625451419618912	7.0	0.0009013649240278136	0.02127659574468085
NODE_0001170	NODE_0000134	China	Canada	2020.074757907319	0.039243725108917715	5.0	0.0006438320885912954	0.02127659574468085
NODE_0001173	Australia/QLDID919/2020	USA	Australia	2020.1953551912568	0.003406645498898797	2.0	0.0002575328354365182	0.02127659574468085
NODE_0001178	NODE_0001179	Netherlands	Germany	2020.1871584699454	0.019835921252933986	7.0	0.0009013649240278136	0.02564102564102564
NODE_0001178	NODE_0001180	China	United Kingdom	2020.0580458150373	0.019835921252933986	7.0	0.0009013649240278136	0.0056179775280898875
Canada/BC_64686/2020_travel_history	Canada/BC_64686/2020	USA	Canada	2020.1789617486338	0.0	1.0	0.0001287664177182591	0.02127659574468085
NODE_0001204	NODE_0001206	Iran	Turkey	2020.2113130246507	0.009120420220824599	22.0	0.0028328611898017	0.03571428571428571
NODE_0001211	NODE_0001214	China	India	2020.0791847973112	0.008977588814332194	10.0	0.0012876641771825909	0.03333333333333333
NODE_0001217	NODE_0001218	United Kingdom	Australia	2020.153995821539	9.892302387015661e-05	160.0	0.020602626834921454	0.02127659574468085
NODE_0001227	NODE_0001229	United Kingdom	USA	2020.1815725041195	0.008242184387881935	6.0	0.0007725985063095545	0.0019646365422396855
NODE_0001248	NODE_0001250	United Kingdom	Taiwan	2020.2117486338798	0.0011696510246110847	6.0	0.0007725985063095545	0.05555555555555555
NODE_0001284	NODE_0001285	Israel	India	2020.2087562288184	0.01600334323848074	6.0	0.0007725985063095545	0.011111111111111112
NODE_0001245	NODE_0001287	India	Saudi Arabia	2020.2170262178076	0.0002792531745399174	126.0	0.016224568632500644	0.02702702702702703
NODE_0001287	NODE_0001288	Belgium	Germany	2020.2031091899457	0.011303965170100128	62.0	0.007983517898532062	0.10256410256410256
NODE_0001302	NODE_0001303	Italy	Luxembourg	2020.196966267988	0.009952016921033646	40.0	0.0051506567087303634	0.08333333333333333
NODE_0001311	NODE_0001315	India	Brunei	2020.2075405220205	0.007220239384878369	26.0	0.003347926860674736	0.5
NODE_0001315	NODE_0000048	China	South Korea	2020.1535509359271	0.035457042891493984	6.0	0.0007725985063095545	0.06666666666666667
NODE_0000969	Canada/NS_32/2020	Germany	Canada	2020.2062841530055	0.0294029534272795	4.0	0.0005150656708730364	0.02127659574468085
NODE_0000477	Belgium/CG-030158/2020	Germany	Belgium	2020.1680327868853	0.014097368815328082	2.0	0.0002575328354365182	0.0045871559633027525
NODE_0000478	Austria/CeMM0002/2020	Germany	Austria	2020.1571038251366	0.0	2.0	0.0002575328354365182	0.023255813953488372
NODE_0000479	NODE_0000481	Spain	Australia	2020.1976691779573	-9.680124730948592e-05	88.0	0.0113314447592068	0.02127659574468085
NODE_0000487	Brazil/SPBR-11/2020_travel_history	Belgium	United Kingdom	2020.1734972677596	0.0	3.0	0.00038629925315477725	0.0056179775280898875
Brazil/SPBR-11/2020_travel_history	Brazil/SPBR-11/2020	United Kingdom	Brazil	2020.1734972677596	0.0	1.0	0.0001287664177182591	0.027777777777777776
NODE_0000493	NODE_0000495		China	2019.9166755248802	0.016798437418856338	4.0	0.0005150656708730364	0.005208333333333333
NODE_0000498	NODE_0000499	Thailand	China	2020.0497744630093	0.0036481097206433333	48.0	0.006180788050476436	0.036458333333333336
NODE_0000504	Netherlands/Gelderland_11/2020	Belgium	Netherlands	2020.2226775956283	0.057832435049704145	17.0	0.0021890291012104045	0.012987012987012988
NODE_0000507	NODE_0000509	China	Hong Kong	2020.0570488868423	0.004416221292331102	8.0	0.0010301313417460727	0.058823529411764705
NODE_0000498	NODE_0000512	China	Singapore	2020.075842071251	0.02025917256082721	48.0	0.006180788050476436	0.03571428571428571
Japan/OS-20-07-1/2020_travel_history	Japan/OS-20-07-1/2020	China	Japan	2020.0642076502731	0.0	1.0	0.0001287664177182591	0.02857142857142857
NODE_0000533	NODE_0000536	China	United Kingdom	2020.200819672131	0.008189135128532143	42.0	0.005408189544166882	0.0056179775280898875
USA/CA5/2020_travel_history	USA/CA5/2020	China	USA	2020.0806010928961	0.0	1.0	0.0001287664177182591	0.0019646365422396855
NODE_0000542	NODE_0000543	China	Taiwan	2020.0780706371484	0.01703231717806375	4.0	0.0005150656708730364	0.05555555555555555
NODE_0000544	NODE_0000545	Italy	Norway	2020.1528070147115	0.004759027101954416	18.0	0.0023177955189286636	0.15789473684210525
NODE_0000559	NODE_0000560	United Kingdom	Spain	2020.1625683060108	0.01054238630808868	8.0	0.0010301313417460727	0.012048192771084338
NODE_0000564	France/IDF0626/2020	China	France	2020.0806010928961	0.04744112095249875	3.0	0.00038629925315477725	0.017241379310344827
Singapore/1/2020_travel_history	Singapore/1/2020	China	Singapore	2020.0642076502731	0.0	1.0	0.0001287664177182591	0.03571428571428571
NODE_0000566	NODE_0001383	USA	Austria	2020.1644102992507	0.017553044599480927	5.0	0.0006438320885912954	0.023255813953488372
NODE_0000565	NODE_0000568	USA	Finland	2020.154711564236	0.0160712630568014	172.0	0.022147823847540563	0.14285714285714285
NODE_0000572	NODE_0000930	China	Belgium	2020.1438935477452	0.0892984361910294	13.0	0.001673963430337368	0.0045871559633027525
NODE_0000577	USA/NV_0016/2020	United Kingdom	USA	2020.184426229508	0.0	2.0	0.0002575328354365182	0.0019646365422396855
NODE_0000581	NODE_0000583	China	United Kingdom	2020.158429906751	0.007929740396320994	142.0	0.01828483131599279	0.06179775280898876
Finland/1/2020_travel_history	Finland/1/2020	China	Finland	2020.0806010928961	0.0	1.0	0.0001287664177182591	0.07142857142857142
NODE_0001040	NODE_0000597	United Kingdom	Ghana	2020.2090163934427	0.0004908835503556475	29.0	0.0037342261138295133	0.1
NODE_0000601	NODE_0000602	China	USA	2020.1437651319063	0.007408630895042734	12.0	0.001545197012619109	0.0019646365422396855
NODE_0000603	NODE_0000604	United Kingdom	Belgium	2020.2032163220947	0.009744100362013342	8.0	0.0010301313417460727	0.0045871559633027525
NODE_0000608	NODE_0000840	China	Australia	2020.070768278312	0.08212651477970212	7.0	0.0009013649240278136	0.0425531914893617
NODE_0000611	NODE_0000613	Netherlands	Belgium	2020.1868237441026	0.008638857727873983	83.0	0.010687612670615503	0.0045871559633027525
NODE_0000619	NODE_0000621	USA	United Kingdom	2020.1526028372991	0.006909549648071334	68.0	0.008756116404841618	0.028089887640449437
NODE_0000636	NODE_0000638	China	Netherlands	2020.0776575890213	0.009868667167893364	10.0	0.0012876641771825909	0.025974025974025976
NODE_0000641	Malaysia/IMR_WC1170/2020	USA	Malaysia	2020.1789617486338	0.0	2.0	0.0002575328354365182	0.16666666666666666
NODE_0000643	Yunnan/0306-466/2020	United Kingdom	China	2020.181693989071	0.007739454868669782	2.0	0.0002575328354365182	0.005208333333333333
NODE_0000644	NODE_0000645	China	Japan	2020.15280654052	0.006849990174941922	6.0	0.0007725985063095545	0.02857142857142857
NODE_0000649	NODE_0000650	Netherlands	United Kingdom	2020.2001810951658	0.005967472242218719	22.0	0.0028328611898017	0.011235955056179775
Nepal/61/2020_travel_history	Nepal/61/2020	China	Nepal	2020.0368852459017	0.0	1.0	0.0001287664177182591	1.0
USA/IL1/2020_travel_history	USA/IL1/2020	China	USA	2020.058743169399	0.0	1.0	0.0001287664177182591	0.0019646365422396855
USA/CA6/2020_travel_history	USA/CA6/2020	China	USA	2020.0751366120219	0.0	1.0	0.0001287664177182591	0.0019646365422396855
NODE_0000709	Taiwan/4/2020	China	Taiwan	2020.077868852459	0.0016240761676726834	2.0	0.0002575328354365182	0.05555555555555555
NODE_0000702	NODE_0000713	Netherlands	USA	2020.0818653743822	0.0007618187287334877	36.0	0.004635591037857327	0.003929273084479371
NODE_0000719	NODE_0001343	Spain	United Kingdom	2020.2331444250387	0.05203648777364833	5.0	0.0006438320885912954	0.0056179775280898875
Cambodia/0012/2020_travel_history	Cambodia/0012/2020	China	Cambodia	2020.0751366120219	0.0	1.0	0.0001287664177182591	1.0
Taiwan/NTU02/2020_travel_history	Taiwan/NTU02/2020	China	Taiwan	2020.0997267759562	0.0	1.0	0.0001287664177182591	0.05555555555555555
NODE_0000760	Netherlands/Flevoland_2/2020	Taiwan	Netherlands	2020.233606557377	0.04736319871562955	2.0	0.0002575328354365182	0.012987012987012988
NODE_0000776	NewZealand/CoV001/2020	Netherlands	New Zealand	2020.1953551912568	0.013820847867236807	2.0	0.0002575328354365182	0.25
NODE_0000796	NODE_0000797	Iran	Australia	2020.1734972677596	0.01414130206057962	12.0	0.001545197012619109	0.0425531914893617
NODE_0000801	NODE_0000802	United Arab Emirates	Australia	2020.1728206441394	0.010679688398795406	6.0	0.0007725985063095545	0.02127659574468085
NODE_0000802	Russia/StPetersburg-73603/2020	Netherlands	Russia	2020.2199453551912	0.00046213233827074873	2.0	0.0002575328354365182	0.013157894736842105
NODE_0001032	NODE_0001046	Germany	Austria	2020.1894533790855	0.008822793256967998	12.0	0.001545197012619109	0.023255813953488372
Australia/VIC01/2020_travel_history	Australia/VIC01/2020	China	Australia	2020.0696721311474	0.0	1.0	0.0001287664177182591	0.02127659574468085
NODE_0000889	India/GMC-RK100/2020	Australia	India	2020.1680327868853	0.005464480874479705	2.0	0.0002575328354365182	0.011111111111111112
India/1-27/2020_travel_history	India/1-27/2020	China	India	2020.0751366120219	0.0	1.0	0.0001287664177182591	0.011111111111111112
NODE_0000033	Australia/VIC14/2020	China	Australia	2020.0915300546449	0.008247805872542813	3.0	0.00038629925315477725	0.02127659574468085
USA/WI1/2020_travel_history	USA/WI1/2020	China	USA	2020.0860655737704	0.0	1.0	0.0001287664177182591	0.0019646365422396855
USA/CA2/2020_travel_history	USA/CA2/2020	China	USA	2020.061475409836	0.0	1.0	0.0001287664177182591	0.0019646365422396855
NODE_0000225	NODE_0000227	China	USA	2020.1532870380481	0.008203126465787136	4.0	0.0005150656708730364	0.0019646365422396855
Canada/BC_35720/2020_travel_history	Canada/BC_35720/2020	Hong Kong	Canada	2020.1762295081967	0.0	1.0	0.0001287664177182591	0.02127659574468085
NODE_0000630	NODE_0000633	China	Australia	2020.1625683060108	0.00844406038481793	45.0	0.005794488797321659	0.02127659574468085
NODE_0000634	NODE_0000639	United Kingdom	Netherlands	2020.1621071077243	0.007599009912155452	11.0	0.00141643059490085	0.012987012987012988
NODE_0000250	NODE_0000252	China	Singapore	2020.0564878107314	0.008293861027823368	364.0	0.0468709760494463	0.2857142857142857
France/IDF0373/2020_travel_history	France/IDF0373/2020	China	France	2020.0642076502731	0.0	1.0	0.0001287664177182591	0.017241379310344827
France/IDF0372/2020_travel_history	France/IDF0372/2020	China	France	2020.0642076502731	0.0	1.0	0.0001287664177182591	0.017241379310344827
NODE_0000590	France/IDF0386-islP1/2020	China	France	2020.077868852459	0.018837082427808127	5.0	0.0006438320885912954	0.05172413793103448
Australia/NSW03/2020_travel_history	Australia/NSW03/2020	China	Australia	2020.0696721311474	0.0	1.0	0.0001287664177182591	0.02127659574468085
NODE_0000263	HongKong/HKPU12_2201/2020	China	Hong Kong	2020.0833333333333	0.016036325341474367	2.0	0.0002575328354365182	0.058823529411764705
NODE_0000275	Korea/KCDC2001/2020	China	South Korea	2020.1489071038252	0.0	2.0	0.0002575328354365182	0.06666666666666667
NODE_0000284	NODE_0000285	Spain	Uruguay	2020.1613495794172	0.02559114420705555	6.0	0.0007725985063095545	0.25
NODE_0000663	NODE_0000676	China	United Kingdom	2020.1731223284962	0.008365571731701493	301.0	0.03875869173319598	0.02247191011235955
NODE_0000308	Norway/1379/2020	USA	Norway	2020.1598360655737	0.005308328892397185	14.0	0.0018027298480556271	0.05263157894736842
NODE_0000311	USA/CT-Yale-114/2020	Jordan	USA	2020.2773224043715	0.09162662991434445	6.0	0.0007725985063095545	0.0019646365422396855
NODE_0000321	Finland/14M20/2020	Sweden	Finland	2020.2035519125682	0.022205445702411453	2.0	0.0002575328354365182	0.07142857142857142
NODE_0000335	NODE_0000338	China	Thailand	2020.0330063552888	0.007961755298993012	69.0	0.008884882822559876	0.1724137931034483
Canada/BC_78548/2020_travel_history	Canada/BC_78548/2020	Europe	Canada	2020.1789617486338	0.0	1.0	0.0001287664177182591	0.02127659574468085
NODE_0000367	Belgium/ITM_C285/2020	United Kingdom	Belgium	2020.2581967213114	0.03034003493007731	2.0	0.0002575328354365182	0.0045871559633027525
NODE_0000371	Portugal/IGC00009/2020	Australia	Portugal	2020.214480874317	0.0	2.0	0.0002575328354365182	0.08333333333333333
NODE_0000757	Brazil/SPBR-02/2020_travel_history	USA	Italy	2020.1625683060108	0.016638578922311353	127.0	0.016353335050218902	0.01639344262295082
Brazil/SPBR-02/2020_travel_history	Brazil/SPBR-02/2020	Italy	Brazil	2020.1625683060108	0.0	1.0	0.0001287664177182591	0.027777777777777776
NODE_0000779	Greece/150/2020	USA	Greece	2020.198087431694	0.04108476396504557	2.0	0.0002575328354365182	0.14285714285714285
NODE_0000780	NODE_0000381	Netherlands	USA	2020.19733180928	0.032084779177012024	4.0	0.0005150656708730364	0.0019646365422396855
NODE_0000823	NODE_0000824	Iran	Turkey	2020.180071083162	0.04118401046434883	9.0	0.0011588977594643318	0.07142857142857142
NODE_0000757	NODE_0000798	Iran	United Arab Emirates	2020.143686082287	0.008441857610932857	127.0	0.016353335050218902	0.5
NODE_0000798	NODE_0000399	Jordan	Sweden	2020.214353484597	0.021847525890734687	12.0	0.001545197012619109	0.017241379310344827
NODE_0000401	Taiwan/NTU06/2020_travel_history	United Kingdom	Ireland	2020.200819672131	0.0	3.0	0.00038629925315477725	0.25
Taiwan/NTU06/2020_travel_history	Taiwan/NTU06/2020	Ireland	Taiwan	2020.200819672131	0.0	1.0	0.0001287664177182591	0.05555555555555555
NODE_0000403	USA/MA_1355/2020	Belgium	USA	2020.1789617486338	0.005368900723851766	6.0	0.0007725985063095545	0.003929273084479371
NODE_0000790	NODE_0000791	China	Germany	2020.079296143532	0.024678622849023668	4.0	0.0005150656708730364	0.02564102564102564
NODE_0000413	NODE_0000414	Saudi Arabia	Bangladesh	2020.2280292706607	0.009987165308530166	44.0	0.0056657223796034	0.5
NODE_0000414	USA/FL_9590/2020	Netherlands	USA	2020.1789617486338	0.013891704959178242	4.0	0.0005150656708730364	0.0019646365422396855
NODE_0000418	Austria/CeMM0005/2020	Netherlands	Austria	2020.181693989071	0.006242937407250793	2.0	0.0002575328354365182	0.023255813953488372
NODE_0000441	Belgium/UGent-9/2020	United Kingdom	Belgium	2020.233606557377	0.006103355429331714	2.0	0.0002575328354365182	0.0045871559633027525
NODE_0001025	NODE_0001335	Netherlands	Canada	2020.2062841530055	0.008180694180737191	5994.0	0.7718259078032449	0.8723404255319149
USA/MA1/2020_travel_history	USA/MA1/2020	China	USA	2020.0806010928961	0.0	1.0	0.0001287664177182591	0.0019646365422396855
Canada/ON-VIDO-01/2020_travel_history	Canada/ON-VIDO-01/2020	China	Canada	2020.0642076502731	0.0	1.0	0.0001287664177182591	0.02127659574468085
Canada/ON-PHL2445/2020_travel_history	Canada/ON-PHL2445/2020	China	Canada	2020.0696721311474	0.0	1.0	0.0001287664177182591	0.02127659574468085
Italy/INMI1-cs/2020_travel_history	Italy/INMI1-cs/2020	China	Italy	2020.0806010928961	0.0	1.0	0.0001287664177182591	0.01639344262295082
NODE_0000083	Italy/SPL1/2020	China	Italy	2020.0806010928961	0.0	3.0	0.00038629925315477725	0.03278688524590164
Iceland/13/2020_travel_history	Iceland/13/2020	Italy	Iceland	2020.1598360655737	0.0	1.0	0.0001287664177182591	0.14285714285714285
France/IDF0515/2020_travel_history	France/IDF0515/2020	China	France	2020.0806010928961	0.0	1.0	0.0001287664177182591	0.017241379310344827
NODE_0000060	Japan/Hu_DP_Kng_19-020/2020	Singapore	Japan	2020.113387978142	0.029753716508821526	2.0	0.0002575328354365182	0.02857142857142857
NODE_0000061	USA/TX_2039/2020	China	USA	2020.165300546448	0.0821742463008377	2.0	0.0002575328354365182	0.0019646365422396855
NODE_0000105	Gambia/GC19-026/2020	Taiwan	Gambia	2020.2226775956283	0.00592661321252308	2.0	0.0002575328354365182	0.3333333333333333
NODE_0000100	NODE_0000106	Spain	Brazil	2020.200819672131	0.01421438804322861	13.0	0.001673963430337368	0.027777777777777776
NODE_0000117	Philippines/RITM-02/2020	India	Philippines	2020.1953551912568	0.0006274518525515305	2.0	0.0002575328354365182	1.0
NODE_0000119	SouthAfrica/KRISP-06/2020	India	South Africa	2020.25	0.04926588587522929	2.0	0.0002575328354365182	0.25
NODE_0000125	NODE_0000126	Canada	USA	2020.0787908808973	0.00768877983477978	55.0	0.007082152974504249	0.003929273084479371
NODE_0000126	Canada/MB_2/2020	India	Canada	2020.1926229508197	0.011280600078862335	2.0	0.0002575328354365182	0.02127659574468085
NODE_0000140	NODE_0000141	Australia	USA	2020.2107038622153	0.010904422679914205	4.0	0.0005150656708730364	0.0019646365422396855
NODE_0000135	NODE_0000142	Australia	Netherlands	2020.1540038296814	0.0070019153804423695	36.0	0.004635591037857327	0.012987012987012988
NODE_0000150	NODE_0000151	Australia	China	2020.0603103220537	0.00794573383518582	6.0	0.0007725985063095545	0.005208333333333333
Pakistan/Gilgit1/2020_travel_history	Pakistan/Gilgit1/2020	Iran	Pakistan	2020.1762295081967	0.0	1.0	0.0001287664177182591	1.0
India/1125/2020_travel_history	India/1125/2020	Iran	India	2020.1926229508197	0.0	1.0	0.0001287664177182591	0.011111111111111112
NODE_0001243	Shanghai/SH0023/2020	Iran	China	2020.0833333333333	0.0	2.0	0.0002575328354365182	0.005208333333333333
NODE_0001238	NODE_0001318	Germany	Belgium	2020.173393632322	0.02483516920733564	185.0	0.02382178727787793	0.022935779816513763
USA/NY1-PV08001/2020_travel_history	USA/NY1-PV08001/2020	Iran	USA	2020.165300546448	0.0	1.0	0.0001287664177182591	0.0019646365422396855
Canada/BC_69243/2020_travel_history	Canada/BC_69243/2020	Iran	Canada	2020.1407103825136	0.0	1.0	0.0001287664177182591	0.02127659574468085
India/1111/2020_travel_history	India/1111/2020	Iran	India	2020.1926229508197	0.0	1.0	0.0001287664177182591	0.011111111111111112
Canada/BC_37_0-2/2020_travel_history	Canada/BC_37_0-2/2020	Iran	Canada	2020.129781420765	0.0	1.0	0.0001287664177182591	0.02127659574468085
Taiwan/NTU11/2020_travel_history	Taiwan/NTU11/2020	Turkey	Taiwan	2020.2090163934427	0.0	1.0	0.0001287664177182591	0.05555555555555555
NODE_0000177	Taiwan/TSGH-02/2020	Turkey	Taiwan	2020.2117486338798	0.00819672131160587	2.0	0.0002575328354365182	0.05555555555555555
NODE_0001244	NODE_0001251	United Kingdom	USA	2020.1963902958382	0.008064093345410583	59.0	0.007597218645377286	0.007858546168958742
India/1617/2020_travel_history	India/1617/2020	Iran	India	2020.198087431694	0.0	1.0	0.0001287664177182591	0.011111111111111112
Austria/CeMM0004/2020_travel_history	Austria/CeMM0004/2020	Iran	Austria	2020.1734972677596	0.0	1.0	0.0001287664177182591	0.023255813953488372
India/1063/2020_travel_history	India/1063/2020	Iran	India	2020.1926229508197	0.0	1.0	0.0001287664177182591	0.011111111111111112
India/1093/2020_travel_history	India/1093/2020	Iran	India	2020.1926229508197	0.0	1.0	0.0001287664177182591	0.011111111111111112
India/1073/2020_travel_history	India/1073/2020	Iran	India	2020.1926229508197	0.0	1.0	0.0001287664177182591	0.011111111111111112
India/1100/2020_travel_history	India/1100/2020	Iran	India	2020.1926229508197	0.0	1.0	0.0001287664177182591	0.011111111111111112
India/1115/2020_travel_history	India/1115/2020	Iran	India	2020.1926229508197	0.0	1.0	0.0001287664177182591	0.011111111111111112
NODE_0000186	Kuwait/KU12/2020	Iran	Kuwait	2020.1707650273224	0.0	3.0	0.00038629925315477725	0.16666666666666666
India/1652/2020_travel_history	India/1652/2020	Iran	India	2020.198087431694	0.0	1.0	0.0001287664177182591	0.011111111111111112
Australia/NSW06/2020_travel_history	Australia/NSW06/2020	Iran	Australia	2020.165300546448	0.0	1.0	0.0001287664177182591	0.02127659574468085
India/1616/2020_travel_history	India/1616/2020	Iran	India	2020.198087431694	0.0	1.0	0.0001287664177182591	0.011111111111111112
Canada/BC_17397/2020_travel_history	Canada/BC_17397/2020	Iran	Canada	2020.1625683060108	0.0	1.0	0.0001287664177182591	0.02127659574468085
Canada/BC_13297/2020_travel_history	Canada/BC_13297/2020	Iran	Canada	2020.1598360655737	0.0	1.0	0.0001287664177182591	0.02127659574468085
NewZealand/01/2020_travel_history	NewZealand/01/2020	Iran	New Zealand	2020.1598360655737	0.0	1.0	0.0001287664177182591	0.25
NODE_0000200	Canada/BC_4078583/2020	Australia	Canada	2020.1734972677596	0.0	2.0	0.0002575328354365182	0.0425531914893617
NODE_0000202	Turkey/ERAGEM-001/2020	Australia	Turkey	2020.2117486338798	0.03863816465923264	4.0	0.0005150656708730364	0.03571428571428571
Australia/NSW05/2020_travel_history	Australia/NSW05/2020	Iran	Australia	2020.1625683060108	0.0	1.0	0.0001287664177182591	0.02127659574468085
Australia/NSW02/2020_travel_history	Australia/NSW02/2020	China	Australia	2020.061475409836	0.0	1.0	0.0001287664177182591	0.02127659574468085
NODE_0001485	Brazil/CV3/2020	Poland	Brazil	2020.1898907103825	0.13505462154103043	5025.0	0.6470512490342518	0.8611111111111112
Finland/FIN-25/2020_travel_history	Finland/FIN-25/2020	Italy	Finland	2020.1543715846994	0.0	1.0	0.0001287664177182591	0.07142857142857142
NODE_0003122	Belgium/DA-030691/2020	Germany	Belgium	2020.181693989071	0.1013476969212661	2.0	0.0002575328354365182	0.0045871559633027525
NODE_0001352	NODE_0002963	Belgium	United Kingdom	2020.1532133776136	0.022438120658080152	4.0	0.0005150656708730364	0.0056179775280898875
NODE_0002963	Belgium/RS-030257/2020	Spain	Belgium	2020.1707650273224	0.0	2.0	0.0002575328354365182	0.0045871559633027525
Luxembourg/Lux1/2020_travel_history	Luxembourg/Lux1/2020	Italy	Luxembourg	2020.165300546448	0.0	1.0	0.0001287664177182591	0.08333333333333333
NODE_0001359	Luxembourg/LNS0000001/2020	Italy	Luxembourg	2020.165300546448	0.0	2.0	0.0002575328354365182	0.08333333333333333
NODE_0001361	NODE_0001362	Belgium	Italy	2020.1543715846994	0.007920769558268148	4.0	0.0005150656708730364	0.01639344262295082
NODE_0001485	NODE_0001769	United Kingdom	Japan	2020.1800758020545	0.005308789942773728	5025.0	0.6470512490342518	0.7142857142857143
NODE_0001833	Mexico/Puebla-InDRE_05/2020	Spain	Mexico	2020.1953551912568	0.005860375689053399	2.0	0.0002575328354365182	0.2
NODE_0001390	NODE_0001391	Austria	Belgium	2020.1762295081967	0.006092728226803956	98.0	0.01261910893638939	0.01834862385321101
NODE_0001397	NODE_0001398	Brazil	Italy	2020.1789617486338	0.024309080704597363	9.0	0.0011588977594643318	0.01639344262295082
NODE_0001398	Argentina/PAIS_A012/2020	Spain	Argentina	2020.2527322404371	0.05233756726465799	3.0	0.00038629925315477725	0.1
Argentina/PAIS_A015/2020_travel_history	Argentina/PAIS_A015/2020	Israel	Argentina	2020.2527322404371	0.0	1.0	0.0001287664177182591	0.05
NODE_0001397	NODE_0001399	Italy	China	2020.2062841530055	0.016536790736154217	9.0	0.0011588977594643318	0.005208333333333333
NODE_0001858	NODE_0001865	United Kingdom	Hungary	2020.1977188922378	0.030173341266390707	14.0	0.0018027298480556271	0.125
NODE_0001858	NODE_0001404	Israel	China	2020.189749200238	0.002768163684550018	14.0	0.0018027298480556271	0.005208333333333333
NODE_0001408	NODE_0001409	Israel	Belgium	2020.0176332752098	0.01134143980425506	61.0	0.007854751480813804	0.009174311926605505
NODE_0001419	Finland/14M77/2020	USA	Finland	2020.2035519125682	0.019980892862122346	2.0	0.0002575328354365182	0.07142857142857142
NODE_0001420	NODE_0001426	Belgium	Portugal	2020.1722937146696	0.008710105765658227	37.0	0.004764357455575586	0.25
NODE_0001428	Argentina/PAIS_A009/2020_travel_history	Spain	Brazil	2020.25	0.020865564508540047	3.0	0.00038629925315477725	0.027777777777777776
Argentina/PAIS_A009/2020_travel_history	Argentina/PAIS_A009/2020	Brazil	Argentina	2020.25	0.0	1.0	0.0001287664177182591	0.05
NODE_0001428	Russia/Omsk-89001/2020	Spain	Russia	2020.2527322404371	0.023597804945666212	3.0	0.00038629925315477725	0.013157894736842105
Argentina/PAIS_A013/2020_travel_history	Argentina/PAIS_A013/2020	Spain	Argentina	2020.2527322404371	0.0	1.0	0.0001287664177182591	0.05
NODE_0001432	Austria/CeMM0020/2020	Hungary	Austria	2020.2254098360656	0.0	2.0	0.0002575328354365182	0.023255813953488372
NODE_0001435	Argentina/PAIS_A007/2020	Spain	Argentina	2020.2472677595629	0.01894894084352927	2.0	0.0002575328354365182	0.05
NODE_0001436	Turkey/HSGM-8970/2020_travel_history	Hungary	Saudi Arabia	2020.2254098360656	0.0	3.0	0.00038629925315477725	0.02702702702702703
Turkey/HSGM-8970/2020_travel_history	Turkey/HSGM-8970/2020	Saudi Arabia	Turkey	2020.2254098360656	0.0	1.0	0.0001287664177182591	0.03571428571428571
Taiwan/NTU16/2020_travel_history	Taiwan/NTU16/2020	Portugal	Taiwan	2020.217213114754	0.0	1.0	0.0001287664177182591	0.05555555555555555
NODE_0001891	NODE_0001920	United Kingdom	Russia	2020.162525554674	0.017543281264352117	50.0	0.006438320885912954	0.013157894736842105
NODE_0001891	NODE_0001445	Italy	Chile	2020.1563833783664	0.0010813737430908077	50.0	0.006438320885912954	0.16216216216216217
NODE_0001451	Austria/CeMM0008/2020	Spain	Austria	2020.1926229508197	0.01571198090891812	12.0	0.001545197012619109	0.023255813953488372
NODE_0001465	NODE_0001467	Brazil	Chile	2020.1902663711887	0.01626287771046009	6.0	0.0007725985063095545	0.02702702702702703
NODE_0001469	NODE_0001471	Italy	Denmark	2020.230430649052	0.006827686105225439	14.0	0.0018027298480556271	0.09090909090909091
Panama/328677/2020_travel_history	Panama/328677/2020	Spain	Panama	2020.181693989071	0.0	1.0	0.0001287664177182591	1.0
NODE_0001482	NODE_0001491	India	Poland	2020.225639007625	0.007456691279230654	77.0	0.009915014164305949	0.09090909090909091
NODE_0001492	NODE_0001493	Ireland	Senegal	2020.1734198104705	0.00804930177150709	22.0	0.0028328611898017	0.07692307692307693
NODE_0001492	NODE_0001494	Russia	Argentina	2020.195036977045	0.000811010404049739	22.0	0.0028328611898017	0.05
NODE_0001849	NODE_0001496	Argentina	Russia	2020.2090163934427	0.007802737073461685	15.0	0.0019314962657738862	0.02631578947368421
NODE_0001496	NODE_0001501	Italy	United Kingdom	2020.1812551617422	0.007947693957476076	12.0	0.001545197012619109	0.011235955056179775
NODE_0001504	NODE_0001505	USA	Australia	2020.2304121846016	0.007996045300615151	38.0	0.004893123873293845	0.02127659574468085
NODE_0001509	NODE_0001511	United Kingdom	Democratic Republic of the Congo	2020.208803534454	0.021414921763380335	14.0	0.0018027298480556271	0.15384615384615385
NODE_0001512	NODE_0001514	Democratic Republic of the Congo	Argentina	2020.2373205968968	0.01258187513417397	10.0	0.0012876641771825909	0.05
NODE_0001508	NODE_0001520	USA	Taiwan	2020.2172008154496	0.008252501404740542	30.0	0.0038629925315477724	0.05555555555555555
NODE_0001524	Georgia/Tb-712/2020	Spain	Georgia	2020.2090163934427	0.0	2.0	0.0002575328354365182	0.16666666666666666
NODE_0001527	Argentina/PAIS_A008/2020	United Kingdom	Argentina	2020.2472677595629	0.01958781539838128	2.0	0.0002575328354365182	0.05
Nigeria/Lagos01/2020_travel_history	Nigeria/Lagos01/2020	Italy	Nigeria	2020.1598360655737	0.0	1.0	0.0001287664177182591	1.0
NODE_0001921	Gambia/GC19-015/2020	Chile	Gambia	2020.2117486338798	0.13167023876212625	1351.0	0.17396343033736802	0.3333333333333333
NODE_0001921	Thailand/TNIC-1889/2020_travel_history	Belgium	Italy	2020.1734972677596	0.09341887264190518	1351.0	0.17396343033736802	0.36065573770491804
Thailand/TNIC-1889/2020_travel_history	Thailand/TNIC-1889/2020	Italy	Thailand	2020.1734972677596	0.0	1.0	0.0001287664177182591	0.034482758620689655
Netherlands/Delft_1363424/2020_travel_history	Netherlands/Delft_1363424/2020	Italy	Netherlands	2020.1625683060108	0.0	1.0	0.0001287664177182591	0.012987012987012988
Austria/CeMM0003/2020_travel_history	Austria/CeMM0003/2020	Italy	Austria	2020.1571038251366	0.0	1.0	0.0001287664177182591	0.023255813953488372
Argentina/PAIS_A005/2020_travel_history	Argentina/PAIS_A005/2020	Mexico	Argentina	2020.2390710382513	0.0	1.0	0.0001287664177182591	0.05
NODE_0002128	NODE_0001548	Switzerland	USA	2020.176115304079	0.01093399374872206	4.0	0.0005150656708730364	0.0019646365422396855
Brazil/SPBR-12/2020_travel_history	Brazil/SPBR-12/2020	USA	Brazil	2020.1762295081967	0.0	1.0	0.0001287664177182591	0.027777777777777776
Germany/Baden-Wuerttemberg-1/2020_travel_history	Germany/Baden-Wuerttemberg-1/2020	Italy	Germany	2020.1543715846994	0.0	1.0	0.0001287664177182591	0.02564102564102564
NODE_0002441	Switzerland/SZ1417/2020	Belgium	Switzerland	2020.1707650273224	0.0384994347623433	8.0	0.0010301313417460727	0.020833333333333332
Turkey/HSGM-8990/2020_travel_history	Turkey/HSGM-8990/2020	Saudi Arabia	Turkey	2020.2254098360656	0.0	1.0	0.0001287664177182591	0.03571428571428571
NODE_0001921	NODE_0002219	Spain	United Kingdom	2020.2304121846016	0.008198841986541083	1351.0	0.17396343033736802	0.398876404494382
NODE_0002292	NODE_0001568	Switzerland	Brazil	2020.1762295081967	0.0038461535509668465	9.0	0.0011588977594643318	0.08333333333333333
Brazil/SPBR-14/2020_travel_history	Brazil/SPBR-14/2020	Italy	Brazil	2020.1789617486338	0.0	1.0	0.0001287664177182591	0.027777777777777776
NODE_0002086	Belgium/RGE-0325122/2020	United Kingdom	Belgium	2020.233606557377	0.08392614931040043	8.0	0.0010301313417460727	0.0045871559633027525
NODE_0001573	NODE_0001576	USA	Canada	2020.1811533275572	0.01923249671835947	6.0	0.0007725985063095545	0.02127659574468085
NODE_0002374	Netherlands/Friesland_7/2020	Canada	Netherlands	2020.2418032786884	0.04644808743159956	2.0	0.0002575328354365182	0.012987012987012988
NODE_0002116	NODE_0002120	USA	United Kingdom	2020.200819672131	0.029326532488994417	13.0	0.001673963430337368	0.011235955056179775
NODE_0002161	Ghana/1565_S13/2020	Latvia	Ghana	2020.23087431694	0.09860870983106906	16.0	0.0020602626834921455	0.1
NODE_0001600	Brazil/DFBR-0001/2020	Switzerland	Brazil	2020.200819672131	0.0	2.0	0.0002575328354365182	0.027777777777777776
NODE_0001609	NODE_0001610	Israel	United Kingdom	2020.1991228656227	0.021428695843951573	7.0	0.0009013649240278136	0.0056179775280898875
NODE_0002451	NODE_0001615	USA	Democratic Republic of the Congo	2020.211330815737	0.017964032427926213	6.0	0.0007725985063095545	0.07692307692307693
NODE_0002449	NODE_0002454	France	Israel	2020.2100712195638	0.06206651375896399	68.0	0.008756116404841618	0.06818181818181818
NODE_0002459	NODE_0001623	Italy	USA	2020.1953551912568	0.0045991092335953	10.0	0.0012876641771825909	0.003929273084479371
NODE_0002480	Argentina/PAIS_A020/2020	United Kingdom	Argentina	2020.2800546448086	0.05223368983274668	2.0	0.0002575328354365182	0.1
NODE_0002480	Argentina/PAIS_A021/2020	United Kingdom	Argentina	2020.2800546448086	0.05223368983274668	2.0	0.0002575328354365182	0.1
NODE_0002496	Sweden/20-50132/2020	United Kingdom	Sweden	2020.181693989071	0.032165918461942056	83.0	0.010687612670615503	0.017241379310344827
Switzerland/1000477797/2020_travel_history	Switzerland/1000477797/2020	Italy	Switzerland	2020.165300546448	0.0	1.0	0.0001287664177182591	0.020833333333333332
NODE_0001656	NODE_0001657	Belgium	India	2020.2117486338798	0.014039819012396038	4.0	0.0005150656708730364	0.011111111111111112
NODE_0001666	Jordan/SR-043/2020	Canada	Jordan	2020.2117486338798	0.0357643468655624	2.0	0.0002575328354365182	0.07692307692307693
NODE_0001668	NODE_0002540	USA	United Kingdom	2020.1808697955307	0.03280587081712838	8.0	0.0010301313417460727	0.0056179775280898875
NODE_0001677	NODE_0001679	India	Russia	2020.198087431694	0.002653107526157328	16.0	0.0020602626834921455	0.013157894736842105
NODE_0001680	NODE_0001683	Belgium	Netherlands	2020.1697518474464	0.010970233937996454	6.0	0.0007725985063095545	0.012987012987012988
NODE_0002375	NODE_0002393	France	Switzerland	2020.0536204644795	0.02759378833525261	90.0	0.011588977594643318	0.16666666666666666
Switzerland/GE3895/2020_travel_history	Switzerland/GE3895/2020	Italy	Switzerland	2020.1571038251366	0.0	1.0	0.0001287664177182591	0.020833333333333332
NODE_0001987	Luxembourg/LNS7866283/2020	Italy	Luxembourg	2020.198087431694	0.048987254736402974	3.0	0.00038629925315477725	0.08333333333333333
Switzerland/GE9586/2020_travel_history	Switzerland/GE9586/2020	Italy	Switzerland	2020.1598360655737	0.0	1.0	0.0001287664177182591	0.020833333333333332
NODE_0001700	NODE_0001701	USA	Switzerland	2020.1785519588618	0.01294296241212578	5.0	0.0006438320885912954	0.041666666666666664
NODE_0001703	NODE_0001704	USA	France	2020.188325869826	0.007354149880029581	12.0	0.001545197012619109	0.017241379310344827
NODE_0001710	NODE_0001711	Netherlands	Austria	2020.1780134446	0.00199459646159994	6.0	0.0007725985063095545	0.023255813953488372
Finland/FIN03032020C/2020_travel_history	Finland/FIN03032020C/2020	Italy	Finland	2020.1734972677596	0.0	1.0	0.0001287664177182591	0.07142857142857142
NODE_0002614	Finland/FIN-313/2020	Netherlands	Finland	2020.1789617486338	0.03682034526900679	5.0	0.0006438320885912954	0.07142857142857142
NODE_0002606	NODE_0001739	Belgium	Italy	2020.1879974911599	0.024519909852187993	7.0	0.0009013649240278136	0.01639344262295082
NODE_0002645	NODE_0001745	United Kingdom	Latvia	2020.213728022267	0.025444462418590774	7.0	0.0009013649240278136	1.0
NODE_0002551	NODE_0001754	Netherlands	Sweden	2020.1724341407453	-0.0012684605399044813	190.0	0.024465619366469224	0.017241379310344827
NODE_0001754	NODE_0001755	United Kingdom	Portugal	2020.163133809882	0.007792879733642621	122.0	0.015709502961627608	0.16666666666666666
NODE_0001756	NODE_0001757	Belgium	United Kingdom	2020.1800292661853	0.00855579327662781	15.0	0.0019314962657738862	0.011235955056179775
Brazil/SPBR-07/2020_travel_history	Brazil/SPBR-07/2020	Italy	Brazil	2020.1734972677596	0.0	1.0	0.0001287664177182591	0.027777777777777776
Netherlands/Berlicum_1363564/2020_travel_history	Netherlands/Berlicum_1363564/2020	Italy	Netherlands	2020.1516393442623	0.0	1.0	0.0001287664177182591	0.012987012987012988
NODE_0001772	NODE_0001773	Germany	Canada	2020.1975605348182	0.01706628643660224	22.0	0.0028328611898017	0.02127659574468085
NODE_0001782	Russia/Moscow-71605/2020	Austria	Russia	2020.217213114754	8.513797183695715e-06	2.0	0.0002575328354365182	0.013157894736842105
NODE_0001787	Brazil/SPBR-03/2020	Belgium	Brazil	2020.1707650273224	0.0035106300056213513	2.0	0.0002575328354365182	0.027777777777777776
NODE_0001789	NODE_0001790	USA	South Africa	2020.2338378458965	0.016730760953123536	14.0	0.0018027298480556271	0.25
NODE_0001790	NODE_0001791	United Kingdom	Chile	2020.188452152505	-0.00035479112466418883	6.0	0.0007725985063095545	0.02702702702702703
NODE_0001791	Georgia/Tb-273/2020	Belgium	Georgia	2020.1789617486338	0.003748761133692824	2.0	0.0002575328354365182	0.16666666666666666
NODE_0001796	NODE_0001797	Chile	Italy	2020.206379641775	0.008167378776079204	50.0	0.006438320885912954	0.03278688524590164
NODE_0001801	Brazil/SPBR-04/2020_travel_history	Belgium	Italy	2020.1762295081967	0.0	3.0	0.00038629925315477725	0.01639344262295082
Brazil/SPBR-04/2020_travel_history	Brazil/SPBR-04/2020	Italy	Brazil	2020.1762295081967	0.0	1.0	0.0001287664177182591	0.027777777777777776
NODE_0001797	NODE_0001802	Chile	Switzerland	2020.1732938702355	0.008300089483554984	19.0	0.0024465619366469227	0.020833333333333332
NODE_0001804	NODE_0001806	Chile	Spain	2020.2072314400855	0.007795599555265653	6.0	0.0007725985063095545	0.012048192771084338
NODE_0001808	Germany/NRW-011/2020	Netherlands	Germany	2020.1734972677596	0.006222759509910247	2.0	0.0002575328354365182	0.02564102564102564
NODE_0001808	Ireland/Dublin-19072/2020	Belgium	Ireland	2020.1707650273224	0.003490519072784082	2.0	0.0002575328354365182	0.25
NODE_0001807	NODE_0001809	Chile	Spain	2020.1569299488197	0.008397236364089622	29.0	0.0037342261138295133	0.024096385542168676
NODE_0001817	Russia/Moscow-62506/2020	Netherlands	Russia	2020.1953551912568	0.003882112258907	2.0	0.0002575328354365182	0.013157894736842105
NODE_0001819	Australia/QLDID924/2020	Austria	Australia	2020.214480874317	0.02271708485477575	2.0	0.0002575328354365182	0.02127659574468085
NODE_0001820	Russia/Moscow_64405/2020	Italy	Russia	2020.200819672131	0.009160993470004541	2.0	0.0002575328354365182	0.013157894736842105
NODE_0001821	NODE_0001822	United Kingdom	Brazil	2020.173482890501	0.050969608633067764	663.0	0.08537213494720577	0.05555555555555555
Mexico/CDMX-InDRE_01/2020_travel_history	Mexico/CDMX-InDRE_01/2020	Italy	Mexico	2020.1598360655737	0.0	1.0	0.0001287664177182591	0.2
NODE_0001841	Sweden/20-50087/2020	Belgium	Sweden	2020.1789617486338	0.0	2.0	0.0002575328354365182	0.017241379310344827
NODE_0001848	NODE_0002029	United Kingdom	USA	2020.2138835024355	0.023189049866687128	8.0	0.0010301313417460727	0.0019646365422396855
NODE_0001853	Italy/TE6580/2020	United Kingdom	Italy	2020.23087431694	0.04993941698648996	2.0	0.0002575328354365182	0.01639344262295082
NODE_0001863	NODE_0001864	United Kingdom	Turkey	2020.214480874317	0.00847430950125272	36.0	0.004635591037857327	0.03571428571428571
Argentina/PAIS_A016/2020_travel_history	Argentina/PAIS_A016/2020	France	Argentina	2020.2554644808743	0.0	1.0	0.0001287664177182591	0.05
NODE_0002047	NODE_0001890	Belgium	Netherlands	2020.1649974130246	0.009454188277004505	6.0	0.0007725985063095545	0.012987012987012988
NODE_0001893	NODE_0001895	United Kingdom	Belgium	2020.1880925523315	0.0083976434041233	18.0	0.0023177955189286636	0.0045871559633027525
NODE_0001897	NODE_0001899	United Kingdom	Egypt	2020.1886372203153	0.011074328072027129	6.0	0.0007725985063095545	0.1
NODE_0001906	NODE_0001908	United Kingdom	Sweden	2020.1882667301325	0.008683398095627126	12.0	0.001545197012619109	0.017241379310344827
Japan/P4-1/2020_travel_history	Japan/P4-1/2020	Egypt	Japan	2020.1953551912568	0.0	1.0	0.0001287664177182591	0.02857142857142857
NODE_0001931	Sweden/20-08148/2020	Egypt	Sweden	2020.1953551912568	0.004699464257555519	2.0	0.0002575328354365182	0.017241379310344827
NODE_0001934	NODE_0001935	Italy	France	2020.1568587933364	0.018981717137648957	22.0	0.0028328611898017	0.017241379310344827
NODE_0001935	NODE_0001937	Russia	Italy	2020.188990525109	0.015718299493300947	6.0	0.0007725985063095545	0.01639344262295082
NODE_0001938	NODE_0001943	Italy	Greece	2020.2131973714472	0.008601082279483308	14.0	0.0018027298480556271	0.2857142857142857
Japan/P4-3/2020_travel_history	Japan/P4-3/2020	Egypt	Japan	2020.198087431694	0.0	1.0	0.0001287664177182591	0.02857142857142857
Japan/P4-2/2020_travel_history	Japan/P4-2/2020	Egypt	Japan	2020.198087431694	0.0	1.0	0.0001287664177182591	0.02857142857142857
Japan/P5-1/2020_travel_history	Japan/P5-1/2020	Egypt	Japan	2020.198087431694	0.0	1.0	0.0001287664177182591	0.02857142857142857
NODE_0001956	NODE_0001957	Russia	Switzerland	2020.205513241452	0.008537931953924272	32.0	0.004120525366984291	0.020833333333333332
NODE_0001959	Turkey/HSGM-8979/2020	United Kingdom	Turkey	2020.2254098360656	0.018903610846109586	2.0	0.0002575328354365182	0.03571428571428571
NODE_0001961	NODE_0001964	Russia	Saudi Arabia	2020.2304031379435	0.009509862218919807	24.0	0.003090394025238218	0.02702702702702703
NODE_0001967	Japan/P4-5/2020	Russia	Japan	2020.214480874317	0.006787948194414639	2.0	0.0002575328354365182	0.02857142857142857
NODE_0001971	Jordan/SR-054/2020	Russia	Jordan	2020.2472677595629	0.031431911469326224	2.0	0.0002575328354365182	0.07692307692307693
NODE_0001979	Switzerland/1000477796/2020_travel_history	United Kingdom	Italy	2020.165300546448	0.0	3.0	0.00038629925315477725	0.01639344262295082
Switzerland/1000477796/2020_travel_history	Switzerland/1000477796/2020	Italy	Switzerland	2020.165300546448	0.0	1.0	0.0001287664177182591	0.020833333333333332
NODE_0002216	NODE_0001990	Belgium	Australia	2020.233606557377	0.012626566264088979	5.0	0.0006438320885912954	0.02127659574468085
NODE_0001999	Thailand/Bangkok-0033/2020	Russia	Thailand	2020.2117486338798	0.022182323587912833	2.0	0.0002575328354365182	0.034482758620689655
NODE_0002012	NODE_0002013	Belgium	United Kingdom	2020.2088341478914	0.008749553478992311	6.0	0.0007725985063095545	0.011235955056179775
NODE_0002008	NODE_0002015	United Kingdom	France	2020.2281420765028	0.007736880503671273	66.0	0.0084985835694051	0.017241379310344827
NODE_0002017	Jordan/SR-041/2020	Spain	Jordan	2020.2117486338798	0.012246728333366264	2.0	0.0002575328354365182	0.07692307692307693
NODE_0002016	NODE_0002018	United Kingdom	Greece	2020.1880577346992	0.02148601974772646	6.0	0.0007725985063095545	0.14285714285714285
NODE_0002027	Russia/Ulan-Ude-RII4560S/2020	United Kingdom	Russia	2020.233606557377	0.0026231162582917023	2.0	0.0002575328354365182	0.013157894736842105
NODE_0002035	Belgium/ML-0324164/2020	Italy	Belgium	2020.23087431694	0.006343326378555503	2.0	0.0002575328354365182	0.009174311926605505
NODE_0002036	Belgium/NMA-0324169/2020	Greece	Belgium	2020.23087431694	0.006343326378555503	2.0	0.0002575328354365182	0.0045871559633027525
NODE_0001974	NODE_0002048	United Kingdom	Russia	2020.2054876630316	0.008601056267707463	380.0	0.04893123873293845	0.3026315789473684
NODE_0002049	NODE_0002050	Belgium	France	2020.2253272537434	0.01660933382663643	51.0	0.006567087303631213	0.017241379310344827
NODE_0002051	NODE_0002053	United Kingdom	Russia	2020.1968317874719	0.007550946362016475	7.0	0.0009013649240278136	0.02631578947368421
NODE_0002054	NODE_0002056	Russia	Italy	2020.213704377489	0.01692445949493049	8.0	0.0010301313417460727	0.01639344262295082
NODE_0002079	NODE_0002081	France	Netherlands	2020.2254098360656	0.0028283083408950915	6.0	0.0007725985063095545	0.025974025974025976
NODE_0002081	Netherlands/NoordBrabant_39/2020	Belgium	Netherlands	2020.1762295081967	0.0	2.0	0.0002575328354365182	0.012987012987012988
NODE_0002104	CzechRepublic/Seq6/2020	Italy	Czech Republic	2020.2117486338798	0.00819672131160587	2.0	0.0002575328354365182	0.07692307692307693
NODE_0002105	Russia/Sverdlovsk-86704/2020	United Kingdom	Russia	2020.2472677595629	0.057511434451498644	44.0	0.0056657223796034	0.039473684210526314
NODE_0002119	NODE_0002123	USA	Switzerland	2020.1952518958517	0.0030008411158632953	16.0	0.0020602626834921455	0.020833333333333332
NODE_0002125	NODE_0002126	Switzerland	United Kingdom	2020.2114480118119	0.0012021025700050814	10.0	0.0012876641771825909	0.016853932584269662
NODE_0002129	NODE_0002130	Switzerland	United Kingdom	2020.2161958933536	0.0023106748872123717	6.0	0.0007725985063095545	0.011235955056179775
NODE_0002143	Japan/P4-4/2020_travel_history	Chile	Egypt	2020.2117486338798	0.0027322404371261655	3.0	0.00038629925315477725	0.1
Japan/P4-4/2020_travel_history	Japan/P4-4/2020	Egypt	Japan	2020.2117486338798	0.0	1.0	0.0001287664177182591	0.02857142857142857
Kuwait/KU008/2020_travel_history	Kuwait/KU008/2020	United Kingdom	Kuwait	2020.2090163934427	0.0	1.0	0.0001287664177182591	0.16666666666666666
NODE_0002151	Taiwan/TSGH-03/2020	Chile	Taiwan	2020.2117486338798	0.0027322404371261655	2.0	0.0002575328354365182	0.05555555555555555
NODE_0002158	Russia/Sakha-89702/2020	United Kingdom	Russia	2020.2527322404371	0.04502270509374284	2.0	0.0002575328354365182	0.013157894736842105
NODE_0002173	Belgium/ULG-9742/2020	Hungary	Belgium	2020.2254098360656	0.0009219366615980107	2.0	0.0002575328354365182	0.0045871559633027525
NODE_0002185	NODE_0002186	Belgium	Italy	2020.1566458445532	0.007464335300710445	31.0	0.003991758949266031	0.01639344262295082
NODE_0002189	India/GMC-TC469/2020_travel_history	Russia	United Kingdom	2020.2199453551912	0.004217165613226825	3.0	0.00038629925315477725	0.0056179775280898875
India/GMC-TC469/2020_travel_history	India/GMC-TC469/2020	United Kingdom	India	2020.2199453551912	0.0	1.0	0.0001287664177182591	0.011111111111111112
Belgium/BM-03012/2020_travel_history	Belgium/BM-03012/2020	Italy	Belgium	2020.1680327868853	0.0	1.0	0.0001287664177182591	0.0045871559633027525
NODE_0002687	Belgium/JLJ-0320101/2020	United Kingdom	Belgium	2020.2199453551912	0.04456933676669905	8.0	0.0010301313417460727	0.009174311926605505
NODE_0002210	NODE_0002917	Belgium	Canada	2020.227229158913	0.008666127955393677	24.0	0.003090394025238218	0.02127659574468085
NODE_0002790	NODE_0002793	Belgium	United Kingdom	2020.1793436849891	0.01815096960149276	12.0	0.001545197012619109	0.0056179775280898875
NODE_0002811	NODE_0002812	Belgium	Turkey	2020.1929339235362	0.03272301360630081	4.0	0.0005150656708730364	0.03571428571428571
NODE_0002226	NODE_0002232	Spain	Iceland	2020.181118197982	0.0056140912031423795	1069.0	0.13765130054081895	0.14285714285714285
NODE_0002232	NODE_0002233	Spain	Russia	2020.205050754708	0.004392186164068335	1061.0	0.13662116919907288	0.10526315789473684
NODE_0001550	NODE_0001565	USA	Israel	2020.1564249694761	0.01399539936187466	39.0	0.005021890291012104	0.022727272727272728
NODE_0001550	NODE_0002244	Spain	Turkey	2020.197656264167	0.018637920205037517	39.0	0.005021890291012104	0.03571428571428571
NODE_0002233	NODE_0002251	Belgium	Norway	2020.1530792694905	0.009309587446750811	1059.0	0.13636363636363635	0.3157894736842105
NODE_0003030	Russia/Tver-72601/2020	USA	Russia	2020.217213114754	0.021042670585529777	2.0	0.0002575328354365182	0.013157894736842105
NODE_0002269	NODE_0002270	Spain	United Kingdom	2020.2389623903468	0.007865513527349322	8.0	0.0010301313417460727	0.0056179775280898875
NODE_0002269	NODE_0002718	Netherlands	Austria	2020.2067762671381	0.025691935565646418	8.0	0.0010301313417460727	0.023255813953488372
NODE_0002275	NODE_0003049	USA	Belgium	2020.1734056471316	0.04543649109200487	4.0	0.0005150656708730364	0.0045871559633027525
NODE_0002286	NODE_0002287	Italy	Germany	2020.1733675951014	0.00544787831472604	12.0	0.001545197012619109	0.02564102564102564
NODE_0002288	NODE_0002290	Canada	USA	2020.2114392657104	0.01828426326733279	8.0	0.0010301313417460727	0.0019646365422396855
NODE_0002290	NODE_0002291	USA	Italy	2020.1699204113459	0.03389904988443959	4.0	0.0005150656708730364	0.01639344262295082
NODE_0002284	NODE_0002293	Spain	United Kingdom	2020.2360318275755	0.008111591353099357	56.0	0.0072109193922225085	0.0056179775280898875
NODE_0002293	NODE_0002294	Italy	Germany	2020.1777656256907	0.013832503804906082	40.0	0.0051506567087303634	0.1794871794871795
NODE_0002306	Brazil/RJ0116/2020	India	Brazil	2020.217213114754	0.03561157916328739	2.0	0.0002575328354365182	0.027777777777777776
NODE_0002826	NODE_0002647	USA	Germany	2020.21122336745	0.00723488810285744	12.0	0.001545197012619109	0.05128205128205128
NODE_0002326	NODE_0002666	Belgium	United Kingdom	2020.1868734258555	0.03278688524596873	4.0	0.0005150656708730364	0.0056179775280898875
Wales/PHW1/2020_travel_history	Wales/PHW1/2020	Italy	United Kingdom	2020.1598360655737	0.0	1.0	0.0001287664177182591	0.0056179775280898875
Brazil/SPBR-01/2020_travel_history	Brazil/SPBR-01/2020	Italy	Brazil	2020.1543715846994	0.0	1.0	0.0001287664177182591	0.027777777777777776
NODE_0002364	Taiwan/NTU19/2020_travel_history	Taiwan	Czech Republic	2020.217213114754	0.0033711149922055483	3.0	0.00038629925315477725	0.07692307692307693
Taiwan/NTU19/2020_travel_history	Taiwan/NTU19/2020	Czech Republic	Taiwan	2020.217213114754	0.0	1.0	0.0001287664177182591	0.05555555555555555
NODE_0002365	NODE_0002366	Chile	Australia	2020.200819672131	0.0027379439409287443	54.0	0.00695338655678599	0.02127659574468085
CzechRepublic/951/2020_travel_history	CzechRepublic/951/2020	Italy	Czech Republic	2020.1680327868853	0.0	1.0	0.0001287664177182591	0.07692307692307693
NODE_0002379	Netherlands/NA_117/2020	United Kingdom	Netherlands	2020.2090163934427	0.027256578573542356	2.0	0.0002575328354365182	0.012987012987012988
NODE_0002376	NODE_0002380	Belgium	France	2020.0471409092434	0.008624501465874346	37.0	0.004764357455575586	0.034482758620689655
NODE_0002383	NODE_0002384	France	Luxembourg	2020.2169276781008	0.007804310272149451	4.0	0.0005150656708730364	0.08333333333333333
NODE_0002390	NODE_0002391	France	Italy	2020.1612285185893	0.009692098942196026	6.0	0.0007725985063095545	0.03278688524590164
NODE_0002395	NODE_0002396	Switzerland	United Kingdom	2020.2104708847696	0.0037029074451311317	263.0	0.033865567859902135	0.07865168539325842
NODE_0002400	Jordan/SR-047/2020	Spain	Jordan	2020.2363387978141	0.05387329432232946	2.0	0.0002575328354365182	0.07692307692307693
NODE_0002398	NODE_0002403	Switzerland	USA	2020.0586138000042	0.015452366937552142	34.0	0.004378058202420809	0.005893909626719057
NODE_0002404	NODE_0002800	Belgium	Norway	2020.1877636670777	0.03296119521269247	10.0	0.0012876641771825909	0.05263157894736842
NODE_0002800	Belgium/MS-0324134/2020	Russia	Belgium	2020.23087431694	0.023750467143599963	6.0	0.0007725985063095545	0.0045871559633027525
NODE_0002788	SriLanka/COV91/2020	Russia	Sri Lanka	2020.217213114754	0.003154238545221233	4.0	0.0005150656708730364	1.0
NODE_0002804	NODE_0002414	Belgium	Netherlands	2020.1727296388844	0.009122401771264776	8.0	0.0010301313417460727	0.012987012987012988
NODE_0002421	Belgium/BG-030551/2020	Brazil	Belgium	2020.1789617486338	0.0	2.0	0.0002575328354365182	0.0045871559633027525
NODE_0002422	NODE_0002425	Belgium	USA	2020.0779378423947	0.008606512073811246	72.0	0.009271182075714654	0.01768172888015717
Austria/CeMM0015/2020_travel_history	Austria/CeMM0015/2020	Germany	Austria	2020.200819672131	0.0	1.0	0.0001287664177182591	0.023255813953488372
NODE_0002433	Slovenia/12304/2020	Latvia	Slovenia	2020.23087431694	0.038359908649454155	8.0	0.0010301313417460727	0.5
NODE_0002433	NODE_0002817	Italy	Jordan	2020.2117486338798	0.02459445748490907	8.0	0.0010301313417460727	0.07692307692307693
NODE_0002425	NODE_0002435	United Kingdom	Portugal	2020.2055653155646	0.0005181107565022103	68.0	0.008756116404841618	0.08333333333333333
NODE_0002436	NODE_0002437	USA	United Kingdom	2020.0788773087324	0.007813636714672612	19.0	0.0024465619366469227	0.028089887640449437
NODE_0002439	Kuwait/KU006/2020_travel_history	USA	Italy	2020.2062841530055	0.0	3.0	0.00038629925315477725	0.01639344262295082
Kuwait/KU006/2020_travel_history	Kuwait/KU006/2020	Italy	Kuwait	2020.2062841530055	0.0	1.0	0.0001287664177182591	0.16666666666666666
NODE_0002464	NODE_0002467	Belgium	Italy	2020.180295280691	0.009009873791001155	13.0	0.001673963430337368	0.01639344262295082
NODE_0002473	NODE_0002474	United Kingdom	Italy	2020.1328876216317	0.01576765938943936	4.0	0.0005150656708730364	0.01639344262295082
NODE_0002950	NODE_0002479	Italy	USA	2020.1531703459384	0.02774765646722699	9.0	0.0011588977594643318	0.0019646365422396855
NODE_0002476	NODE_0002482	France	Sweden	2020.2116323433177	0.0070760565129148745	48.0	0.006180788050476436	0.017241379310344827
Kuwait/KU005/2020_travel_history	Kuwait/KU005/2020	United Kingdom	Kuwait	2020.2090163934427	0.0	1.0	0.0001287664177182591	0.16666666666666666
NODE_0002461	NODE_0002504	India	Sweden	2020.1799104437382	0.007748122967541349	143.0	0.018413597733711047	0.08620689655172414
NODE_0002505	NODE_0002507	United Kingdom	Italy	2020.2220210377905	0.004874116495557246	10.0	0.0012876641771825909	0.01639344262295082
NODE_0002510	NODE_0002848	France	Switzerland	2020.1583912993394	0.009922106756448557	60.0	0.007725985063095545	0.041666666666666664
NODE_0002515	NODE_0002516	United Kingdom	Belgium	2020.1804332832285	0.008173658414307283	14.0	0.0018027298480556271	0.0045871559633027525
NODE_0002521	Australia/NT16/2020	Austria	Australia	2020.23087431694	0.0033711149922055483	2.0	0.0002575328354365182	0.02127659574468085
NODE_0002873	NODE_0002530	Italy	USA	2020.1621446198178	0.0021505260119738523	13.0	0.001673963430337368	0.003929273084479371
NODE_0002550	NODE_0002552	United Kingdom	Austria	2020.2139490059496	0.0	8.0	0.0010301313417460727	0.046511627906976744
NODE_0002555	NODE_0002750	USA	India	2020.182501374683	0.015752110673929565	50.0	0.006438320885912954	0.011111111111111112
NODE_0002563	NODE_0002768	USA	United Kingdom	2020.1816514682398	0.03864384660573705	12.0	0.001545197012619109	0.0056179775280898875
NODE_0002566	Canada/BC_9574898/2020	Germany	Canada	2020.200819672131	0.0033711149922055483	2.0	0.0002575328354365182	0.02127659574468085
NODE_0002565	NODE_0002567	Italy	USA	2020.1579680690477	0.014222150587556825	8.0	0.0010301313417460727	0.0019646365422396855
NODE_0002572	Italy/TE5551/2020	Austria	Italy	2020.2117486338798	0.0	2.0	0.0002575328354365182	0.01639344262295082
NODE_0002581	NODE_0002583	United Kingdom	Sweden	2020.196718670758	0.011088378490285322	6.0	0.0007725985063095545	0.017241379310344827
NODE_0002583	Slovenia/4584/2020	Belgium	Slovenia	2020.181693989071	0.005464480874252331	2.0	0.0002575328354365182	0.5
NODE_0002587	Ireland/Limerick-19933/2020	Netherlands	Ireland	2020.1734972677596	0.0	2.0	0.0002575328354365182	0.25
NODE_0002601	NODE_0002602	United Kingdom	Russia	2020.2064294701327	0.006742781822595134	21.0	0.002704094772083441	0.013157894736842105
India/GMC-KN318/2020_travel_history	India/GMC-KN318/2020	Italy	India	2020.1953551912568	0.0	1.0	0.0001287664177182591	0.011111111111111112
Kuwait/KU001/2020_travel_history	Kuwait/KU001/2020	USA	Kuwait	2020.2090163934427	0.0	1.0	0.0001287664177182591	0.16666666666666666
NODE_0002577	NODE_0002612	Italy	USA	2020.1697387583276	0.002051321644330528	398.0	0.051249034251867116	0.05108055009823183
NODE_0001580	NODE_0001608	USA	India	2020.2441414810996	0.07175522937882306	332.0	0.04275045068246201	0.05555555555555555
NODE_0001580	NODE_0001708	Netherlands	Austria	2020.1868706103253	0.022695138367453183	332.0	0.04275045068246201	0.09302325581395349
NODE_0001713	Ghana/2853_S7/2020	France	Ghana	2020.2445355191257	0.03305906994569341	2.0	0.0002575328354365182	0.1
NODE_0002629	Brazil/CV49/2020	France	Brazil	2020.2254098360656	0.030316964932353585	2.0	0.0002575328354365182	0.027777777777777776
NODE_0001733	NODE_0001734	Italy	Vietnam	2020.181693989071	0.023987612153632654	8.0	0.0010301313417460727	0.14285714285714285
NODE_0003066	NODE_0003067	Switzerland	USA	2020.2127409928685	0.010994884838737562	4.0	0.0005150656708730364	0.0019646365422396855
NODE_0003067	Argentina/C3013/2020	Netherlands	Argentina	2020.2254098360656	0.0	2.0	0.0002575328354365182	0.05
NODE_0002650	NODE_0001631	Israel	Hungary	2020.21570051187	0.012303604923090461	7.0	0.0009013649240278136	0.125
NODE_0003107	DRC/397/2020	Belgium	Democratic Republic of the Congo	2020.2363387978141	0.006742229984411097	2.0	0.0002575328354365182	0.07692307692307693
NODE_0003108	NODE_0003109	Belgium	Turkey	2020.2279658895409	-1.7229281866093515e-05	176.0	0.0226628895184136	0.03571428571428571
NODE_0002669	NODE_0002670	Italy	Belgium	2020.1562252183053	0.008244853307814992	28.0	0.0036054596961112542	0.013761467889908258
NODE_0002672	Belgium/DB-0323140/2020	Switzerland	Belgium	2020.2281420765028	0.0447378882531666	2.0	0.0002575328354365182	0.0045871559633027525
NODE_0002674	Switzerland/GE06207/2020	France	Switzerland	2020.181693989071	0.007622449664950182	6.0	0.0007725985063095545	0.020833333333333332
NODE_0002688	NODE_0002689	Italy	Belgium	2020.156048706856	0.008547793704337892	34.0	0.004378058202420809	0.013761467889908258
NODE_0002688	NODE_0002695	Netherlands	Germany	2020.2090163934427	0.00026175683137807937	34.0	0.004378058202420809	0.02564102564102564
NODE_0002700	NODE_0002701	Brazil	Czech Republic	2020.196076618456	0.009230612894270962	14.0	0.0018027298480556271	0.07692307692307693
NODE_0002706	NODE_0001586	France	Israel	2020.2136545720107	0.026045022375910776	4.0	0.0005150656708730364	0.022727272727272728
NODE_0002710	NODE_0002711	Netherlands	South Africa	2020.2304121846016	0.008800576371868374	4.0	0.0005150656708730364	0.25
NODE_0002709	NODE_0002712	United Kingdom	India	2020.2140456702048	0.008222733830507423	12.0	0.001545197012619109	0.011111111111111112
NODE_0002726	France/IDF2279/2020	Belgium	France	2020.1953551912568	0.0	2.0	0.0002575328354365182	0.017241379310344827
NODE_0002733	NODE_0002740	Italy	USA	2020.164903587078	0.006864122520028104	32.0	0.004120525366984291	0.003929273084479371
NODE_0002753	Belgium/ITM_C511/2020	Democratic Republic of the Congo	Belgium	2020.2909836065573	0.06348040460966331	2.0	0.0002575328354365182	0.0045871559633027525
NODE_0002761	NODE_0002767	USA	Brazil	2020.200819672131	0.008558343310824057	26.0	0.003347926860674736	0.05555555555555555
NODE_0002777	Switzerland/GE2164/2020	France	Switzerland	2020.2117486338798	0.0	2.0	0.0002575328354365182	0.020833333333333332
NODE_0002202	NODE_0002781	Chile	Argentina	2020.2331178000393	0.005763199069633629	3295.0	0.42428534638166365	0.25
Finland/FIN03032020A/2020_travel_history	Finland/FIN03032020A/2020	Italy	Finland	2020.1734972677596	0.0	1.0	0.0001287664177182591	0.07142857142857142
NODE_0002780	Russia/Moscow-77627/2020	USA	Russia	2020.2254098360656	0.046619099459348945	2.0	0.0002575328354365182	0.013157894736842105
NODE_0002809	NODE_0002810	France	Luxembourg	2020.1884372039945	0.01165605861729091	6.0	0.0007725985063095545	0.08333333333333333
NODE_0002814	NODE_0002816	Greece	Germany	2020.1953551912568	0.005360869185324191	482.0	0.062065413340200874	0.02564102564102564
NODE_0002821	NODE_0002822	France	Canada	2020.1730689544763	0.02885735830136582	6.0	0.0007725985063095545	0.02127659574468085
NODE_0003164	NODE_0003291	USA	Austria	2020.1926229508197	0.034192581515981146	462.0	0.059490084985835696	0.06976744186046512
NODE_0002843	Poland/1104795/2020	France	Poland	2020.214480874317	0.0027322404371261655	2.0	0.0002575328354365182	0.09090909090909091
NODE_0002842	NODE_0002844	Japan	Netherlands	2020.1976364468262	0.011640804622857104	6.0	0.0007725985063095545	0.012987012987012988
NODE_0003187	Poland/PL_P7/2020	Canada	Poland	2020.2445355191257	0.06563719947712343	4.0	0.0005150656708730364	0.09090909090909091
Turkey/HSGM-4706/2020_travel_history	Turkey/HSGM-4706/2020	France	Turkey	2020.2117486338798	0.0	1.0	0.0001287664177182591	0.03571428571428571
Slovakia/SK-BMC5/2020_travel_history	Slovakia/SK-BMC5/2020	France	Slovakia	2020.181693989071	0.0	1.0	0.0001287664177182591	1.0
NODE_0002870	Gambia/GC19-029/2020	Senegal	Gambia	2020.3046448087432	0.07434127204624019	2.0	0.0002575328354365182	0.3333333333333333
NODE_0003229	NODE_0003230	Saudi Arabia	India	2020.2151585119702	0.010588511680907686	33.0	0.00424929178470255	0.011111111111111112
NODE_0002874	NODE_0002875	Switzerland	Belgium	2020.1753870079074	0.005702537999241031	26.0	0.003347926860674736	0.013761467889908258
NODE_0002879	NODE_0002880	Switzerland	Belgium	2020.2005198638287	0.011192507139867303	16.0	0.0020602626834921455	0.0045871559633027525
NODE_0002880	NODE_0002881	Belgium	Democratic Republic of the Congo	2020.2086785835638	0.017624415781256175	6.0	0.0007725985063095545	0.07692307692307693
NODE_0002886	NODE_0002887	Switzerland	France	2020.175483875474	0.008566429483835236	4.0	0.0005150656708730364	0.017241379310344827
NODE_0002891	NODE_0002892	Switzerland	Belgium	2020.1750796761373	0.0033417034485410113	12.0	0.001545197012619109	0.01834862385321101
NODE_0002900	NODE_0002901	Switzerland	France	2020.1746096784755	0.013782779811663204	6.0	0.0007725985063095545	0.017241379310344827
NODE_0002906	Canada/ON_PHL0743/2020	USA	Canada	2020.184426229508	0.0	2.0	0.0002575328354365182	0.02127659574468085
NODE_0002909	NODE_0002910	France	Belgium	2020.2000960800021	0.007832679769535389	14.0	0.0018027298480556271	0.013761467889908258
NODE_0002908	NODE_0002918	France	Belgium	2020.1830213484652	0.008494915078472332	44.0	0.0056657223796034	0.04128440366972477
NODE_0002932	Switzerland/GE5007/2020	USA	Switzerland	2020.26912568306	0.06060919849392121	4.0	0.0005150656708730364	0.020833333333333332
Japan/P3-1/2020_travel_history	Japan/P3-1/2020	Egypt	Japan	2020.1898907103825	0.0	1.0	0.0001287664177182591	0.02857142857142857
Japan/P3-2/2020_travel_history	Japan/P3-2/2020	Egypt	Japan	2020.2199453551912	0.0	1.0	0.0001287664177182591	0.02857142857142857
NODE_0003405	Turkey/HSGM-7718/2020	Israel	Turkey	2020.2226775956283	0.046617416960998526	30.0	0.0038629925315477724	0.07142857142857142
Turkey/HSGM-8964/2020_travel_history	Turkey/HSGM-8964/2020	Saudi Arabia	Turkey	2020.2254098360656	0.0	1.0	0.0001287664177182591	0.03571428571428571
NODE_0003326	Turkey/HSGM-8975/2020	Saudi Arabia	Turkey	2020.2254098360656	0.0	3.0	0.00038629925315477725	0.07142857142857142
Turkey/HSGM-4701/2020_travel_history	Turkey/HSGM-4701/2020	Saudi Arabia	Turkey	2020.2117486338798	0.0	1.0	0.0001287664177182591	0.03571428571428571
Turkey/HSGM-5711/2020_travel_history	Turkey/HSGM-5711/2020	Saudi Arabia	Turkey	2020.214480874317	0.0	1.0	0.0001287664177182591	0.03571428571428571
NODE_0002953	Turkey/HSGM-8968/2020	Saudi Arabia	Turkey	2020.2254098360656	0.010928961748732036	3.0	0.00038629925315477725	0.07142857142857142
Turkey/HSGM-10241/2020_travel_history	Turkey/HSGM-10241/2020	Saudi Arabia	Turkey	2020.2281420765028	0.0	1.0	0.0001287664177182591	0.03571428571428571
Turkey/HSGM-5602/2020_travel_history	Turkey/HSGM-5602/2020	Saudi Arabia	Turkey	2020.214480874317	0.0	1.0	0.0001287664177182591	0.03571428571428571
Turkey/HSGM-4236/2020_travel_history	Turkey/HSGM-4236/2020	Saudi Arabia	Turkey	2020.2090163934427	0.0	1.0	0.0001287664177182591	0.03571428571428571
NODE_0002968	NODE_0002970	United Kingdom	Russia	2020.2122249581976	0.019507822513560313	41.0	0.0052794231264486225	0.013157894736842105
Austria/CeMM0007/2020_travel_history	Austria/CeMM0007/2020	Spain	Austria	2020.200819672131	0.0	1.0	0.0001287664177182591	0.023255813953488372
NODE_0002976	Finland/13M82/2020	USA	Finland	2020.200819672131	0.002395768500491613	2.0	0.0002575328354365182	0.07142857142857142
Japan/P1/2020_travel_history	Japan/P1/2020	Egypt	Japan	2020.1871584699454	0.0	1.0	0.0001287664177182591	0.02857142857142857
NODE_0002984	Japan/P2-2/2020_travel_history	Canada	Egypt	2020.1926229508197	0.0	3.0	0.00038629925315477725	0.1
Japan/P2-2/2020_travel_history	Japan/P2-2/2020	Egypt	Japan	2020.1926229508197	0.0	1.0	0.0001287664177182591	0.02857142857142857
NODE_0002986	Japan/P2-1/2020_travel_history	Canada	Egypt	2020.1926229508197	0.0	3.0	0.00038629925315477725	0.1
Japan/P2-1/2020_travel_history	Japan/P2-1/2020	Egypt	Japan	2020.1926229508197	0.0	1.0	0.0001287664177182591	0.02857142857142857
NODE_0002988	NODE_0002992	United Kingdom	Chile	2020.2325666152888	0.00918453375311401	21.0	0.002704094772083441	0.02702702702702703
NODE_0003009	NODE_0003011	Belgium	Spain	2020.1969243263907	0.01546448087447061	7.0	0.0009013649240278136	0.012048192771084338
NODE_0003005	NODE_0003012	Spain	Poland	2020.2140063037648	0.00789149922593424	27.0	0.003476693278392995	0.18181818181818182
India/763/2020_travel_history	India/763/2020	Italy	India	2020.1734972677596	0.0	1.0	0.0001287664177182591	0.011111111111111112
NODE_0003022	NODE_0003029	France	Norway	2020.2288490453702	0.011037512828579565	17.0	0.0021890291012104045	0.05263157894736842
India/781/2020_travel_history	India/781/2020	Italy	India	2020.1734972677596	0.0	1.0	0.0001287664177182591	0.011111111111111112
India/772/2020_travel_history	India/772/2020	Italy	India	2020.1734972677596	0.0	1.0	0.0001287664177182591	0.011111111111111112
India/773/2020_travel_history	India/773/2020	Italy	India	2020.1734972677596	0.0	1.0	0.0001287664177182591	0.011111111111111112
NODE_0003047	NODE_0003048	Switzerland	Belgium	2020.2030121686553	0.013103604467687546	27.0	0.003476693278392995	0.0045871559633027525
NODE_0003048	NODE_0003050	Belgium	USA	2020.0790806010555	0.011237045396683243	6.0	0.0007725985063095545	0.0019646365422396855
NODE_0003050	France/N2223/2020	Italy	France	2020.1762295081967	0.0	2.0	0.0002575328354365182	0.017241379310344827
NODE_0003050	Ghana/2944_S9/2020	Russia	Ghana	2020.2472677595629	0.0710382513661898	2.0	0.0002575328354365182	0.1
NODE_0003057	NODE_0003058	USA	Israel	2020.1564922464017	0.008342332840356903	10.0	0.0012876641771825909	0.022727272727272728
NODE_0003061	Switzerland/GE1184/2020	Germany	Switzerland	2020.2581967213114	0.06284153005458393	2.0	0.0002575328354365182	0.020833333333333332
NODE_0003621	Switzerland/GE6065/2020	Democratic Republic of the Congo	Switzerland	2020.266393442623	0.05251166975767774	2.0	0.0002575328354365182	0.020833333333333332
NODE_0003075	NODE_0003076	Israel	USA	2020.1902380886238	0.008317956665450765	22.0	0.0028328611898017	0.0019646365422396855
Finland/FIN-266/2020_travel_history	Finland/FIN-266/2020	Iran	Finland	2020.1762295081967	0.0	1.0	0.0001287664177182591	0.07142857142857142
NODE_0003665	Russia/Moscow-71602/2020	USA	Russia	2020.217213114754	0.04045337990692133	3.0	0.00038629925315477725	0.013157894736842105
NODE_0003692	NODE_0003693	USA	Colombia	2020.2379858683792	0.022057688865515956	4.0	0.0005150656708730364	0.05263157894736842
NODE_0003762	NODE_0003155	USA	Colombia	2020.1836408725962	0.029962585450221013	4.0	0.0005150656708730364	0.05263157894736842
NODE_0003900	NODE_0003901	USA	Austria	2020.1953551912568	0.02486773881287263	4.0	0.0005150656708730364	0.023255813953488372
NODE_0004167	Netherlands/NoordHolland_3/2020	Belgium	Netherlands	2020.198087431694	0.021681181280428063	3.0	0.00038629925315477725	0.012987012987012988
NODE_0003437	NODE_0003978	USA	Israel	2020.2363387978141	0.05431484510722839	1401.0	0.18040175122328098	0.29545454545454547
NODE_0003983	NODE_0003985	USA	Israel	2020.2117486338798	0.018002359558067837	6.0	0.0007725985063095545	0.022727272727272728
NODE_0003437	NODE_0003536	Saudi Arabia	India	2020.189788413686	0.027322404371716402	1401.0	0.18040175122328098	0.08888888888888889
NODE_0003437	NODE_0003928	USA	Israel	2020.2029796336778	0.029792895729997326	1401.0	0.18040175122328098	0.29545454545454547
NODE_0003928	NODE_0003931	USA	Belgium	2020.21124133026	0.010687777850307612	9.0	0.0011588977594643318	0.0045871559633027525
NODE_0004152	NODE_0003190	India	Saudi Arabia	2020.2254098360656	0.02176518992541787	4.0	0.0005150656708730364	0.02702702702702703
NODE_0003193	NODE_0003194	Saudi Arabia	India	2020.2115424819403	0.009999994535519363	4.0	0.0005150656708730364	0.011111111111111112
NODE_0003857	USA/CT-UW-5773/2020	Australia	USA	2020.2609289617485	0.08388920595257332	14.0	0.0018027298480556271	0.0019646365422396855
NODE_0003199	NODE_0003200	Belgium	Netherlands	2020.2090163934427	0.007040373308200287	6.0	0.0007725985063095545	0.012987012987012988
NODE_0003956	NODE_0003962	United Kingdom	Georgia	2020.2297103130904	0.019655367771520105	19.0	0.0024465619366469227	0.16666666666666666
NODE_0004154	NODE_0004165	USA	Colombia	2020.2385882168214	0.0178861748061081	21.0	0.002704094772083441	0.05263157894736842
NODE_0003275	NODE_0003277	USA	France	2020.202743267039	0.01728423395684331	6.0	0.0007725985063095545	0.017241379310344827
NODE_0003894	Argentina/PAIS_A019/2020	Taiwan	Argentina	2020.26912568306	0.07445834682425811	2.0	0.0002575328354365182	0.05
NODE_0003307	NODE_0004224	USA	Ghana	2020.2100698066329	0.016076967219078142	12.0	0.001545197012619109	0.1
NODE_0003311	Argentina/PAIS_A006/2020	USA	Argentina	2020.2418032786884	0.014299779151087932	4.0	0.0005150656708730364	0.05
NODE_0003315	NODE_0003316	Algeria	France	2020.1598360655737	0.009483830107001268	12.0	0.001545197012619109	0.034482758620689655
NODE_0003327	Ghana/2333_S5/2020	USA	Ghana	2020.2390710382513	0.019251040688232024	2.0	0.0002575328354365182	0.1
NODE_0003367	NODE_0003368	Senegal	USA	2020.169918406446	0.00851653917038675	4.0	0.0005150656708730364	0.0019646365422396855
NODE_0003363	NODE_0003369	USA	France	2020.1726277356959	0.008521579102989563	27.0	0.003476693278392995	0.017241379310344827
NODE_0003369	NODE_0003373	France	Netherlands	2020.180840411468	0.008397892590210176	15.0	0.0019314962657738862	0.012987012987012988
NODE_0003384	NODE_0003385	USA	Romania	2020.3285960981225	0.014938951295789593	4.0	0.0005150656708730364	1.0
NODE_0003431	NODE_0003438	Israel	USA	2020.2313228942942	0.00899661797166118	14.0	0.0018027298480556271	0.005893909626719057
NODE_0003430	NODE_0003441	Israel	USA	2020.2138419997618	0.008297291914004745	74.0	0.009528714911151173	0.023575638506876228
NODE_0003445	NODE_0003446	Israel	Belgium	2020.2030537692135	0.008180373873983626	50.0	0.006438320885912954	0.0045871559633027525
NODE_0003451	NODE_0003452	Israel	USA	2020.2115357748912	0.019509954674958863	4.0	0.0005150656708730364	0.0019646365422396855
NODE_0003454	USA/CT-Yale-056/2020	Israel	USA	2020.2390710382513	0.049410947233809566	8.0	0.0010301313417460727	0.003929273084479371
NODE_0003457	Russia/StPetersburg-RII4386V/2020	Israel	Russia	2020.2445355191257	0.016895730738269776	2.0	0.0002575328354365182	0.013157894736842105
NODE_0003460	NODE_0003461	USA	Saudi Arabia	2020.172877181752	0.01058751958294124	4.0	0.0005150656708730364	0.02702702702702703
NODE_0003470	Russia/Vector_77628/2020	USA	Russia	2020.2254098360656	0.02941943569749128	2.0	0.0002575328354365182	0.013157894736842105
NODE_0003483	Austria/CeMM0012/2020	Norway	Austria	2020.1926229508197	0.0	3.0	0.00038629925315477725	0.023255813953488372
NODE_0003491	Russia/Krasnoyarsk-66501/2020	USA	Russia	2020.200819672131	0.004904714048052483	2.0	0.0002575328354365182	0.013157894736842105
NODE_0003534	Netherlands/ZuidHolland_92/2020	Sweden	Netherlands	2020.2445355191257	0.028600153481875168	2.0	0.0002575328354365182	0.012987012987012988
NODE_0003537	France/B2337/2020	USA	France	2020.1734972677596	0.002979523232397696	2.0	0.0002575328354365182	0.017241379310344827
NODE_0003542	Canada/ON_PHL3650/2020	USA	Canada	2020.184426229508	0.005545120268152459	2.0	0.0002575328354365182	0.02127659574468085
NODE_0003572	Belgium/ITM_C211/2020	USA	Belgium	2020.25	0.05406250697797077	5.0	0.0006438320885912954	0.009174311926605505
NODE_0003583	Fujian/IM3520001T/2020	USA	China	2020.200819672131	0.022181118456273907	2.0	0.0002575328354365182	0.005208333333333333
NODE_0003590	NODE_0003592	USA	Austria	2020.2035519125682	0.011038083607672888	6.0	0.0007725985063095545	0.023255813953488372
NODE_0003679	Netherlands/NA_300/2020	USA	Netherlands	2020.2527322404371	0.022750339647700457	3.0	0.00038629925315477725	0.012987012987012988
NODE_0003605	USA/VA-DCLS-0052/2020	Chile	USA	2020.2418032786884	0.011233454359853567	2.0	0.0002575328354365182	0.0019646365422396855
NODE_0003609	Thailand/Bangkok-0045/2020	USA	Thailand	2020.2418032786884	0.011403583739365786	2.0	0.0002575328354365182	0.034482758620689655
NODE_0003661	Poland/1105644/2020	Chile	Poland	2020.214480874317	0.0016709406093013968	2.0	0.0002575328354365182	0.09090909090909091
NODE_0003664	Thailand/Bangkok-0038/2020	USA	Thailand	2020.233606557377	0.0033711149922055483	2.0	0.0002575328354365182	0.034482758620689655
NODE_0003663	NODE_0003666	USA	Colombia	2020.2198897857288	0.017100238606872153	6.0	0.0007725985063095545	0.05263157894736842
NODE_0003718	Germany/NRW-53/2020	USA	Germany	2020.2035519125682	0.007507783376013322	2.0	0.0002575328354365182	0.02564102564102564
NODE_0003726	NODE_0003727	USA	Thailand	2020.214480874317	0.0082991758024491	36.0	0.004635591037857327	0.034482758620689655
NODE_0003733	Netherlands/Drente_1/2020	USA	Netherlands	2020.233606557377	0.0033711149922055483	2.0	0.0002575328354365182	0.012987012987012988
NODE_0003758	NODE_0003760	USA	Chile	2020.2135566096406	0.008375803517310487	42.0	0.005408189544166882	0.02702702702702703
